﻿<?xml version="1.0" encoding="utf-8"?>
<columns>
  <column name="MachineID" type="System.Int32" nullable="False" />
  <column name="MachineName" type="System.String" nullable="True" length="64" />
  <column name="ResourceDomain" type="System.String" nullable="True" length="255" />
  <column name="LoginID" type="System.String" nullable="True" length="255" />
  <column name="AccountDomain" type="System.String" nullable="True" length="255" />
  <column name="SerialNumber" type="System.String" nullable="True" length="56" />
  <column name="Manufacturer" type="System.String" nullable="True" length="32" />
  <column name="Model" type="System.String" nullable="True" length="36" />
  <column name="AssignedSiteCode" type="System.String" nullable="False" length="4" />
  <column name="ChassisType" type="System.String" nullable="True" length="8" />
</columns>